id,content,todo_list_id,created_at,updated_at,completed_at
6,"買い物",3,"2019-08-08 18:21:57.440460","2019-08-08 18:21:57.440460",
7,"人参",6,"2019-08-09 00:38:04.535251","2019-08-09 00:38:04.535251",
8,"じゃがいも",6,"2019-08-09 00:38:25.765748","2019-08-09 00:38:25.765748",
9,"肉",6,"2019-08-09 00:39:15.926783","2019-08-09 00:39:15.926783",
10,"パジャマ",7,"2019-08-09 00:39:47.343345","2019-08-09 00:39:47.343345",
11,"お菓子",7,"2019-08-09 00:39:52.787399","2019-08-09 00:39:52.787399",
12,"歯磨き",7,"2019-08-09 00:40:00.732893","2019-08-09 00:40:00.732893",
13,"いとこ",8,"2019-08-09 00:40:43.315303","2019-08-09 00:40:43.315303",
14,"職場",8,"2019-08-09 00:40:48.350265","2019-08-09 00:40:48.350265",
15,"じじばば",8,"2019-08-09 00:40:58.177272","2019-08-09 00:40:58.177272",
